user id,cid,signed_in,name
1,88,2021-01-24,Alex Avila
2,89,2021-01-24,Allen Armold
3,90,2021-01-24,Andrew Allen
4,91,2021-01-24,Anna Andreadi
5,92,2021-01-24,Aaron Bergman
6,93,2021-01-24,Adam Bellavance
7,94,2021-01-24,Adrian Barton
8,95,2021-01-24,Aimee Bixby
9,96,2021-01-24,Alan Barnes
10,97,2021-01-24,Alejandro Ballentine
11,98,2021-01-24,Ann Blume
12,99,2021-01-24,Alyssa Crouse
13,100,2021-01-24,Amy Cox
14,101,2021-01-24,Ann Chong
15,124,2021-01-25,Anna Chung
16,125,2021-01-25,Alan Dominguez
17,126,2021-01-25,Art Ferguson
18,127,2021-01-25,Art Foster
19,128,2021-01-25,Alejandro Grove
20,129,2021-01-25,Aleksandra Gannaway
21,130,2021-01-25,Alex Grayson
22,131,2021-01-25,Allen Goldenen
23,132,2021-01-25,Andrew Gjertsen
24,133,2021-01-25,Andy Gerbode
25,134,2021-01-25,Anna Gayman
26,135,2021-01-25,Anthony Garverick
27,136,2021-01-25,Arthur Gainer
28,137,2021-01-25,Aaron Hawkins
29,138,2021-01-25,Adam Hart
30,139,2021-01-25,Adrian Hane
31,140,2021-01-25,Alan Haines
32,166,2021-01-26,Alan Hwang
33,167,2021-01-26,Amy Hunt
34,168,2021-01-26,Angele Hood
35,169,2021-01-26,Anna Häberlin
36,170,2021-01-26,Arianne Irving
37,171,2021-01-26,Anthony Jacobs
38,172,2021-01-26,Anthony Johnson
39,194,2021-01-27,Ashley Jarboe
40,195,2021-01-27,Astrea Jones
41,196,2021-01-27,Alice McCarthy
42,197,2021-01-27,Anne McFarland
43,198,2021-01-27,Anthony O'Donnell
44,199,2021-01-27,Anne Pryor
45,200,2021-01-27,Arthur Prichep
46,201,2021-01-27,Alex Russell
47,202,2021-01-27,Allen Rosenblatt
48,203,2021-01-27,Andrew Roberts
49,204,2021-01-27,Andy Reiter
50,205,2021-01-27,Anemone Ratner
51,206,2021-01-27,Anthony Rawles
52,207,2021-01-27,Aaron Smayling
53,226,2021-01-28,Adam Shillingsburg
54,227,2021-01-28,Adrian Shami
55,228,2021-01-28,Alan Schoenberger
56,229,2021-01-28,Alan Shonely
57,230,2021-01-28,Alejandro Savely
58,231,2021-01-28,Ann Steele
59,232,2021-01-28,Alyssa Tate
60,233,2021-01-28,Annie Thurman
61,234,2021-01-28,Anthony Witt
62,235,2021-01-28,Arthur Wiediger
63,236,2021-01-28,Andy Yotov
64,237,2021-01-28,Annie Zypern
65,257,2021-01-29,Barry Blumstein
66,258,2021-01-29,Brenda Bowman
67,259,2021-01-29,Becky Castell
68,260,2021-01-29,Bill Donatelli
69,261,2021-01-29,Bradley Drucker
70,262,2021-01-29,Brendan Dodson
71,263,2021-01-29,Brian Dahlen
72,264,2021-01-29,Brian DeCherney
73,265,2021-01-29,Brian Derr
74,266,2021-01-29,Bruce Degenhardt
75,267,2021-01-29,Bryan Davis
76,268,2021-01-29,Bill Eplett
77,286,2021-01-30,Bobby Elias
78,287,2021-01-30,Brad Eason
79,288,2021-01-30,Barbara Fisher
80,289,2021-01-30,Barry Franz
81,290,2021-01-30,Barry Französisch
82,291,2021-01-30,Bart Folk
83,292,2021-01-30,Ben Ferrer
84,293,2021-01-30,Benjamin Farhat
85,294,2021-01-30,Beth Fritzler
86,295,2021-01-30,Barry Gonzalez
87,296,2021-01-30,Brooke Gillingham
88,297,2021-01-30,Bruce Geld
89,298,2021-01-30,Brosina Hoffman
90,299,2021-01-30,Berenike Kampe
91,300,2021-01-30,Becky Martin
92,301,2021-01-30,Brendan Murry
93,302,2021-01-30,Brian Moss
94,323,2021-01-31,Bryan Mills
95,324,2021-01-31,Brad Norvell
96,325,2021-01-31,Bradley Nguyen
97,326,2021-01-31,Bill Overfelt
98,327,2021-01-31,Bobby Odegard
99,328,2021-01-31,Barry Pond
100,329,2021-01-31,Bart Pistole
101,330,2021-01-31,Becky Pak
102,355,2021-02-01,Ben Peterman
103,356,2021-02-01,Benjamin Patterson
104,357,2021-02-01,Beth Paige
105,358,2021-02-01,Bill Shonely
106,359,2021-02-01,Bill Stewart
107,360,2021-02-01,Brendan Sweed
108,361,2021-02-01,Brian Stugart
109,362,2021-02-01,Bruce Stewart
110,363,2021-02-01,Bryan Spruell
111,364,2021-02-01,Beth Thompson
112,365,2021-02-01,Bill Tyler
113,366,2021-02-01,Bobby Trafton
114,388,2021-02-02,Brad Thomas
115,389,2021-02-02,Bradley Talbott
116,390,2021-02-02,Brian Thompson
117,391,2021-02-02,Benjamin Venier
118,392,2021-02-02,Barry Weirich
119,393,2021-02-02,Bart Watters
120,394,2021-02-02,Ben Wallace
121,419,2021-02-03,Carol Adams
122,420,2021-02-03,Cathy Armstrong
123,421,2021-02-03,Christina Anderson
124,422,2021-02-03,Christine Abelman
125,423,2021-02-03,Cynthia Arntzen
126,443,2021-02-04,Cassandra Brandow
127,444,2021-02-04,Christy Brittain
128,445,2021-02-04,Claudia Bergmann
129,446,2021-02-04,Chad Cunningham
130,447,2021-02-04,Charles Crestani
131,448,2021-02-04,Chris Cortes
132,449,2021-02-04,Christopher Conant
133,450,2021-02-04,Chuck Clark
134,451,2021-02-04,Cindy Chapman
135,468,2021-02-05,Clay Cheatham
136,469,2021-02-05,Corey Catlett
137,470,2021-02-05,Craig Carreira
138,471,2021-02-05,Craig Carroll
139,472,2021-02-05,Carlos Daly
140,473,2021-02-05,Carol Darley
141,474,2021-02-05,Christina DeMoss
142,475,2021-02-05,Cynthia Delaney
143,494,2021-02-06,Catherine Glotzbach
144,495,2021-02-06,Claire Gute
145,496,2021-02-06,Cathy Hwang
146,497,2021-02-06,Carl Jackson
147,498,2021-02-06,Caroline Jumper
148,499,2021-02-06,Chloris Kastensmidt
149,500,2021-02-06,Christine Kargatis
150,501,2021-02-06,Clytie Kelty
151,502,2021-02-06,Cyma Kinney
152,503,2021-02-06,Carl Ludwig
153,504,2021-02-06,Clay Ludtke
154,505,2021-02-06,Craig Leslie
155,528,2021-02-07,Candace McMahon
156,529,2021-02-07,Carlos Meador
157,530,2021-02-07,Chad McGuire
158,531,2021-02-07,Charles McCrossin
159,532,2021-02-07,Charlotte Melton
160,533,2021-02-07,Chris McAfee
161,534,2021-02-07,Christopher Martinez
162,535,2021-02-07,Chuck Magee
163,553,2021-02-08,Corinna Mitchell
164,554,2021-02-08,Craig Molinari
165,555,2021-02-08,Corey-Lock
166,556,2021-02-08,Cathy Prescott
167,557,2021-02-08,Christine Phan
168,558,2021-02-08,Clay Rozendal
169,559,2021-02-08,Corey Roper
170,560,2021-02-08,Craig Reiter
171,561,2021-02-08,Cyra Reiten
172,580,2021-02-09,Cari Sayre
173,581,2021-02-09,Cari Schnelling
174,582,2021-02-09,Carlos Soltero
175,583,2021-02-09,Chad Sievert
176,584,2021-02-09,Charles Sheldon
177,585,2021-02-09,Chris Selesnick
178,586,2021-02-09,Christine Sundaresam
179,587,2021-02-09,Christopher Schild
180,588,2021-02-09,Chuck Sachs
181,589,2021-02-09,Cindy Schnelling
182,590,2021-02-09,Cindy Stewart
183,591,2021-02-09,Carol Triggs
184,592,2021-02-09,Christina VanderZanden
185,613,2021-02-10,Cynthia Voltz
186,614,2021-02-10,Carl Weiss
187,615,2021-02-10,Craig Yedwab
188,616,2021-02-10,Dianna Arnett
189,617,2021-02-10,Daniel Byrd
190,618,2021-02-10,Darren Budd
191,619,2021-02-10,Dave Brooks
192,620,2021-02-10,David Bremer
193,621,2021-02-10,Dean Braden
194,622,2021-02-10,Deborah Brumfield
195,623,2021-02-10,Dennis Bolton
196,624,2021-02-10,Denny Blanton
197,625,2021-02-10,Dorothy Badders
198,626,2021-02-10,Doug Bickford
199,627,2021-02-10,Duane Benoit
200,628,2021-02-10,Dan Campbell
201,629,2021-02-10,Debra Catini
202,657,2021-02-11,Dorothy Dickinson
203,658,2021-02-11,Deanra Eno
204,659,2021-02-11,David Flashing
205,660,2021-02-11,Deirdre Greer
206,661,2021-02-11,Dave Hallsten
207,662,2021-02-11,Duane Huffman
208,663,2021-02-11,Denny Joy
209,664,2021-02-11,Don Jones
210,685,2021-02-12,Doug Jacobs
211,686,2021-02-12,Damala Kotsonis
212,687,2021-02-12,Dana Kaydos
213,688,2021-02-12,Darren Koutras
214,689,2021-02-12,Dave Kipp
215,690,2021-02-12,David Kendrick
216,691,2021-02-12,Dean Katz
217,692,2021-02-12,Dennis Kane
218,693,2021-02-12,Dan Lawera
219,712,2021-02-13,Daniel Lacy
220,713,2021-02-13,Delfina Latchford
221,714,2021-02-13,Denise Leinenbach
222,715,2021-02-13,Dionis Lloyd
223,716,2021-02-13,Dorris liebe
224,717,2021-02-13,Dario Medina
225,718,2021-02-13,Darrin Martin
226,719,2021-02-13,Denise Monton
227,720,2021-02-13,Don Miller
228,721,2021-02-13,Duane Noonan
229,722,2021-02-13,Denny Ordway
230,723,2021-02-13,Doug O'Connell
231,724,2021-02-13,Darren Powers
232,725,2021-02-13,Dave Poirier
233,743,2021-02-14,David Philippe
234,744,2021-02-14,Dean percer
235,745,2021-02-14,Dennis Pardue
236,746,2021-02-14,Dan Reichenbach
237,747,2021-02-14,Daniel Raglin
238,748,2021-02-14,Darrin Sayre
239,749,2021-02-14,David Smith
240,750,2021-02-14,Darrin Van Huff
241,751,2021-02-14,Dianna Vittorini
242,752,2021-02-14,David Wiener
243,753,2021-02-14,Dianna Wilson
244,754,2021-02-14,Don Weiss
245,755,2021-02-14,Dorothy Wardle
246,756,2021-02-14,Erin Ashbrook
247,757,2021-02-14,Ed Braxton
248,758,2021-02-14,Edward Becker
249,780,2021-02-15,Ellis Ballard
250,781,2021-02-15,Emily Burns
251,782,2021-02-15,Eric Barreto
252,783,2021-02-15,Erica Bern
253,784,2021-02-15,Eugene Barchas
254,785,2021-02-15,Evan Bailliet
255,786,2021-02-15,Erin Creighton
256,787,2021-02-15,Emily Ducich
257,788,2021-02-15,Emily Grady
258,789,2021-02-15,Edward Hooks
259,790,2021-02-15,Eric Hoffmann
260,791,2021-02-15,Erica Hackney
261,792,2021-02-15,Erica Hernandez
262,793,2021-02-15,Eugene Hildebrand
263,794,2021-02-15,Evan Henry
264,795,2021-02-15,Ed Jacobs
265,796,2021-02-15,Eva Jacobs
266,797,2021-02-15,Eileen Kiefer
267,798,2021-02-15,Ed Ludwig
268,817,2021-02-16,Eleni McCrary
269,818,2021-02-16,Elizabeth Moffitt
270,819,2021-02-16,Eric Murdock
271,820,2021-02-16,Erin Mull
272,821,2021-02-16,Eudokia Martin
273,822,2021-02-16,Eugene Moren
274,823,2021-02-16,Evan Minnotte
275,824,2021-02-16,Edward Nazzal
276,825,2021-02-16,Emily Phan
277,826,2021-02-16,Elpida Rittenbach
278,843,2021-02-17,Erica Smith
279,844,2021-02-17,Erin Smith
280,845,2021-02-17,Frank Atkinson
281,846,2021-02-17,Frank Carlisle
282,847,2021-02-17,Fred Chung
283,848,2021-02-17,Frank Gastineau
284,849,2021-02-17,Frank Hawley
285,850,2021-02-17,Fred Harton
286,851,2021-02-17,Fred Hopkins
287,852,2021-02-17,Filia McAdams
288,853,2021-02-17,Frank Merwin
289,854,2021-02-17,Fred McMath
290,855,2021-02-17,Frank Olsen
291,856,2021-02-17,Frank Preis
292,876,2021-02-18,Fred Wasserman
293,877,2021-02-18,George Ashbrook
294,878,2021-02-18,Guy Armstrong
295,879,2021-02-18,George Bell
296,880,2021-02-18,Giulietta Baptist
297,881,2021-02-18,Giulietta Dortch
298,882,2021-02-18,Greg Guthrie
299,883,2021-02-18,Gary Hansen
300,884,2021-02-18,Gary Hwang
301,885,2021-02-18,Gene Hale
302,886,2021-02-18,Greg Hansen
303,887,2021-02-18,Grace Kelly
304,888,2021-02-18,Gary McGarr
305,915,2021-02-19,Gary Mitchum
306,916,2021-02-19,Gene McClure
307,917,2021-02-19,Greg Matthias
308,918,2021-02-19,Greg Maxwell
309,919,2021-02-19,Guy Phonely
310,920,2021-02-19,Georgia Rosenberg
311,921,2021-02-19,Grant Thornton
312,922,2021-02-19,Greg Tran
313,923,2021-02-19,Guy Thornton
314,924,2021-02-19,Giulietta Weimer
315,947,2021-02-20,Gary Zandusky
316,948,2021-02-20,George Zrebassa
317,949,2021-02-20,Helen Abelman
318,950,2021-02-20,Helen Andreada
319,951,2021-02-20,Harold Dahlen
320,952,2021-02-20,Harold Engle
321,953,2021-02-20,Herbert Flentye
322,979,2021-02-21,Harry Greene
323,980,2021-02-21,Henry Goldwyn
324,981,2021-02-21,Hunter Glantz
325,982,2021-02-21,Hilary Holden
326,983,2021-02-21,Heather Jas
327,984,2021-02-21,Heather Kirkland
328,985,2021-02-21,Hunter Lopez
329,986,2021-02-21,Harry Marie
330,1011,2021-02-22,Henry MacAllister
331,1012,2021-02-22,Harold Pawlan
332,1013,2021-02-22,Hallie Redmond
333,1014,2021-02-22,Harold Ryan
334,1015,2021-02-22,Helen Wasserman
335,1016,2021-02-22,Henia Zydlo
336,1017,2021-02-22,Ivan Gibson
337,1038,2021-02-23,Ivan Liston
338,1039,2021-02-23,Ionia McGrath
339,1040,2021-02-23,Irene Maddox
340,1041,2021-02-23,Joseph Airdo
341,1042,2021-02-23,Jennifer Braxton
342,1043,2021-02-23,Joni Blumstein
343,1044,2021-02-23,Joy Bell-
344,1045,2021-02-23,Julia Barnett
345,1063,2021-02-24,Jasper Cacioppo
346,1064,2021-02-24,Jenna Caffey
347,1065,2021-02-24,John Castell
348,1066,2021-02-24,Julie Creighton
349,1067,2021-02-24,John Dryer
350,1068,2021-02-24,Jonathan Doherty
351,1069,2021-02-24,Joy Daniels
352,1070,2021-02-24,Julia Dunbar
353,1071,2021-02-24,Justin Deggeller
354,1072,2021-02-24,Jeremy Ellison
355,1073,2021-02-24,Jim Epp
356,1096,2021-02-25,Joe Elijah
357,1097,2021-02-25,Joel Eaton
358,1098,2021-02-25,Justin Ellison
359,1099,2021-02-25,Jamie Frazer
360,1100,2021-02-25,Jason Fortune-
361,1101,2021-02-25,Jay Fein
362,1102,2021-02-25,Jennifer Ferguson
363,1103,2021-02-25,Jeremy Farry
364,1104,2021-02-25,Jill Fjeld
365,1105,2021-02-25,Jack Garza
366,1106,2021-02-25,James Galang
367,1107,2021-02-25,Jason Gross
368,1126,2021-02-26,John Grady
369,1127,2021-02-26,Jennifer Halladay
370,1128,2021-02-26,John Huston
371,1129,2021-02-26,Jonathan Howell
372,1130,2021-02-26,Joseph Holt
373,1131,2021-02-26,Justin Hirsh
374,1132,2021-02-26,Jennifer Jackson
375,1133,2021-02-26,Joel Jenkins
376,1134,2021-02-26,Jamie Kunitz
377,1163,2021-02-27,Jason Klamczynski
378,1164,2021-02-27,Jay Kimmel
379,1165,2021-02-27,Jim Karlsson
380,1166,2021-02-27,Jim Kriz
381,1167,2021-02-27,Joe Kamberova
382,1168,2021-02-27,Juliana Krohn
383,1169,2021-02-27,Julie Kriz
384,1170,2021-02-27,Jack Lebron
385,1171,2021-02-27,James Lanier
386,1172,2021-02-27,Janet Lee
387,1173,2021-02-27,Jeremy Lonsdale
388,1174,2021-02-27,John Lee
389,1196,2021-02-28,John Lucas
390,1197,2021-02-28,Janet Martin
391,1198,2021-02-28,Janet Molinari
392,1199,2021-02-28,Jessica Myrick
393,1200,2021-02-28,Jill Matthias
394,1201,2021-02-28,Jim Mitchum
395,1225,2021-03-01,John Murray
396,1226,2021-03-01,Justin MacKendrick
397,1227,2021-03-01,Jack O'Briant
398,1228,2021-03-01,Jas O'Carroll
399,1229,2021-03-01,Jesus Ocampo
400,1230,2021-03-01,Jennifer Patt
401,1231,2021-03-01,Jeremy Pistek
402,1266,2021-03-02,Julie Prescott
403,1267,2021-03-02,Jim Radford
404,1268,2021-03-02,Jocasta Rupert
405,1269,2021-03-02,Justin Ritter
406,1270,2021-03-02,Jill Stevenson
407,1271,2021-03-02,Jim Sink
408,1272,2021-03-02,John Stevenson
409,1273,2021-03-02,Joni Sundaresam
410,1274,2021-03-02,Joy Smith
411,1275,2021-03-02,Jane Waco
412,1276,2021-03-02,Joni Wasserman
413,1277,2021-03-02,Julia West
414,1278,2021-03-02,Kelly Andreada
415,1299,2021-03-03,Karen Bern
416,1300,2021-03-03,Karl Braun
417,1301,2021-03-03,Katrina Bavinger
418,1302,2021-03-03,Ken Black
419,1303,2021-03-03,Ken Brennan
420,1304,2021-03-03,Karen Carlisle
421,1305,2021-03-03,Kelly Collister
422,1306,2021-03-03,Kimberly Carter
423,1307,2021-03-03,Karen Daniels
424,1328,2021-03-04,Katherine Ducich
425,1329,2021-03-04,Keith Dawkins
426,1330,2021-03-04,Ken Dana
427,1331,2021-03-04,Katrina Edelman
428,1332,2021-03-04,Karen Ferguson
429,1333,2021-03-04,Katharine Harms
430,1334,2021-03-04,Katherine Hughes
431,1357,2021-03-05,Keith Herrera
432,1358,2021-03-05,Ken Heidel
433,1359,2021-03-05,Kristen Hastings
434,1360,2021-03-05,Kelly Lampkin
435,1361,2021-03-05,Ken Lonsdale
436,1362,2021-03-05,Kalyca Meade
437,1363,2021-03-05,Katherine Murray
438,1364,2021-03-05,Khloe Miller
439,1365,2021-03-05,Kunst Miller
440,1366,2021-03-05,Katherine Nockton
441,1367,2021-03-05,Kean Nguyen
442,1368,2021-03-05,Kristina Nunn
443,1369,2021-03-05,Karen Seio
444,1370,2021-03-05,Kean Takahito
445,1371,2021-03-05,Kean Thornton
446,1372,2021-03-05,Katrina Willman
447,1373,2021-03-05,Kelly Williams
448,1374,2021-03-05,Laura Armstrong
449,1375,2021-03-05,Larry Blacks
450,1376,2021-03-05,Laurel Beltran
451,1377,2021-03-05,Lena Cacioppo
452,1378,2021-03-05,Lena Creighton
453,1393,2021-03-06,Linda Cazamias
454,1394,2021-03-06,Lindsay Castell
455,1395,2021-03-06,Liz Carlisle
456,1396,2021-03-06,Logan Currie
457,1397,2021-03-06,Lela Donovan
458,1398,2021-03-06,Lisa DeCherney
459,1399,2021-03-06,Laurel Elliston
460,1400,2021-03-06,Luke Foster
461,1401,2021-03-06,Larry Hughes
462,1402,2021-03-06,Lena Hernandez
463,1403,2021-03-06,Lisa Hazard
464,1424,2021-03-07,Logan Haushalter
465,1425,2021-03-07,Lauren Leatherbury
466,1426,2021-03-07,Liz MacKendrick
467,1427,2021-03-07,Lori Olson
468,1428,2021-03-07,Liz Pelletier
469,1429,2021-03-07,Liz Preis
470,1430,2021-03-07,Lena Radford
471,1431,2021-03-07,Lisa Ryan
472,1432,2021-03-07,Linda Southworth
473,1433,2021-03-07,Lindsay Shagiari
474,1434,2021-03-07,Luke Schmidt
475,1459,2021-03-08,Lycoris Saunders
476,1460,2021-03-08,Lynn Smith
477,1461,2021-03-08,Larry Tron
478,1462,2021-03-08,Liz Thompson
479,1463,2021-03-08,Laurel Workman
480,1464,2021-03-08,Lindsay Williams
481,1465,2021-03-08,Liz Willingham
482,1466,2021-03-08,Luke Weiss
483,1467,2021-03-08,Matt Abelman
484,1468,2021-03-08,Michelle Arnett
485,1469,2021-03-08,Maria Bertelson
486,1470,2021-03-08,Mick Brown
487,1471,2021-03-08,Marc Crier
488,1472,2021-03-08,Mark Cousins
489,1473,2021-03-08,Matt Collins
490,1497,2021-03-09,Matt Collister
491,1498,2021-03-09,Matt Connell
492,1499,2021-03-09,Matthew Clasen
493,1500,2021-03-09,Michael Chen
494,1501,2021-03-09,Mick Crebagga
495,1502,2021-03-09,Mike Caudle
496,1529,2021-03-10,Maribeth Dona
497,1530,2021-03-10,Michael Dominguez
498,1531,2021-03-10,Maria Etezadi
499,1532,2021-03-10,Max Engle
500,1533,2021-03-10,Michelle Ellison
501,1534,2021-03-10,Maureen Fritzler
502,1535,2021-03-10,Monica Federle
503,1536,2021-03-10,Matthew Grinstein
504,1537,2021-03-10,Maureen Gastineau
505,1538,2021-03-10,Maureen Gnade
506,1539,2021-03-10,Michael Grace
507,1540,2021-03-10,Michael Granlund
508,1541,2021-03-10,Mike Gockenbach
509,1542,2021-03-10,Mitch Gastineau
510,1543,2021-03-10,Marc Harrigan
511,1544,2021-03-10,Mark Haberlin
512,1562,2021-03-11,Mark Hamilton
513,1563,2021-03-11,Matt Hagelstein
514,1564,2021-03-11,Maya Herman
515,1565,2021-03-11,Michelle Huthwaite
516,1566,2021-03-11,Mick Hernandez
517,1567,2021-03-11,Max Jones
518,1568,2021-03-11,Michael Kennedy
519,1569,2021-03-11,Mike Kennedy
520,1570,2021-03-11,Marina Lichtenstein
521,1571,2021-03-11,Maris LaWare
522,1572,2021-03-11,Max Ludwig
523,1573,2021-03-11,Michelle Lonsdale
524,1574,2021-03-11,Muhammed Lee
525,1575,2021-03-11,Magdelene Morse
526,1576,2021-03-11,Michael Moore
527,1577,2021-03-11,Michelle Moray
528,1604,2021-03-12,Muhammed MacIntyre
529,1605,2021-03-12,Michael Nguyen
530,1606,2021-03-12,Mary O'Rourke
531,1607,2021-03-12,Meg O'Connel
532,1608,2021-03-12,Michael Oakman
533,1609,2021-03-12,Mark Packer
534,1610,2021-03-12,Michael Paige
535,1611,2021-03-12,Mike Pelletier
536,1612,2021-03-12,Mathew Reese
537,1613,2021-03-12,Maribeth Schnelling
538,1614,2021-03-12,MaryBeth Skach
539,1615,2021-03-12,Maurice Satty
540,1639,2021-03-13,Maxwell Schwartz
541,1640,2021-03-13,Melanie Seite
542,1641,2021-03-13,Michael Stewart
543,1642,2021-03-13,Meg Tillman
544,1643,2021-03-13,Michelle Tran
545,1644,2021-03-13,Mark Van Huff
546,1645,2021-03-13,Mike Vittorini
547,1646,2021-03-13,Mitch Webber
548,1674,2021-03-14,Mitch Willingham
549,1675,2021-03-14,Maribeth Yedwab
550,1676,2021-03-14,Muhammed Yedwab
551,1677,2021-03-14,Maria Zettner
552,1678,2021-03-14,Mary Zewe
553,1679,2021-03-14,Nicole Brennan
554,1680,2021-03-14,Nona Balk
555,1681,2021-03-14,Nat Carroll
556,1682,2021-03-14,Nathan Cano
557,1683,2021-03-14,Nick Crebassa
558,1684,2021-03-14,Noah Childs
559,1685,2021-03-14,Natalie DeCherney
560,1686,2021-03-14,Neil Ducich
561,1687,2021-03-14,Natalie Fritzler
562,1688,2021-03-14,Neil Französisch
563,1689,2021-03-14,Nicole Fjeld
564,1690,2021-03-14,Nat Gilpin
565,1714,2021-03-15,Nathan Gelder
566,1715,2021-03-15,Nicole Hansen
567,1716,2021-03-15,Neil Knudson
568,1717,2021-03-15,Nancy Lomonaco
569,1718,2021-03-15,Nathan Mautz
570,1719,2021-03-15,Neoma Murray
571,1720,2021-03-15,Naresj Patel
572,1721,2021-03-15,Nora Paige
573,1722,2021-03-15,Nora Pelletier
574,1723,2021-03-15,Nora Preis
575,1724,2021-03-15,Nick Radford
576,1751,2021-03-16,Neola Schneider
577,1752,2021-03-16,Noel Staavos
578,1753,2021-03-16,Natalie Webber
579,1754,2021-03-16,Nick Zandusky
580,1755,2021-03-16,Odella Nelson
581,1756,2021-03-16,Olvera Toch
582,1757,2021-03-16,Pete Armstrong
583,1758,2021-03-16,Patrick Bzostek
584,1759,2021-03-16,Peter Bühler
585,1760,2021-03-16,Philip Brown
586,1761,2021-03-16,Phillip Breyer
587,1762,2021-03-16,Pamela Coakley
588,1763,2021-03-16,Pauline Chand
589,1783,2021-03-17,Peter Fuller
590,1784,2021-03-17,Philip Fox
591,1785,2021-03-17,Phillip Flathmann
592,1786,2021-03-17,Patrick Gardner
593,1787,2021-03-17,Paul Gonzalez
594,1788,2021-03-17,Patricia Hirasaki
595,1789,2021-03-17,Patrick Jones
596,1790,2021-03-17,Pauline Johnson
597,1791,2021-03-17,Paul Knutson
598,1792,2021-03-17,Pete Kriz
599,1793,2021-03-17,Paul Lucas
600,1794,2021-03-17,Paul MacIntyre
601,1817,2021-03-18,Peter McVee
602,1818,2021-03-18,Parhena Norris
603,1819,2021-03-18,Patrick O'Brill
604,1820,2021-03-18,Patrick O'Donnell
605,1821,2021-03-18,Philisse Overcash
606,1822,2021-03-18,Phillina Ober
607,1823,2021-03-18,Paul Prost
608,1824,2021-03-18,Patrick Ryan
609,1825,2021-03-18,Pamela Stobb
610,1826,2021-03-18,Paul Stevenson
611,1846,2021-03-19,Penelope Sewall
612,1847,2021-03-19,Pete Takahito
613,1848,2021-03-19,Paul Van Hugh
614,1849,2021-03-19,Pauline Webber
615,1850,2021-03-19,Pierre Wener
616,1851,2021-03-19,Quincy Jones
617,1852,2021-03-19,Ralph Arnett
618,1853,2021-03-19,Ruben Ausman
619,1854,2021-03-19,Russell Applegate
620,1876,2021-03-20,Ryan Akin
621,1877,2021-03-20,Randy Bradley
622,1878,2021-03-20,Raymond Buch
623,1879,2021-03-20,Richard Bierner
624,1880,2021-03-20,Rick Bensley
625,1881,2021-03-20,Rob Beeghly
626,1882,2021-03-20,Robert Barroso
627,1883,2021-03-20,Roger Barcio
628,1884,2021-03-20,Ross Baird
629,1885,2021-03-20,Roy Collins
630,1886,2021-03-20,Ryan Crowe
631,1910,2021-03-21,Rick Duston
632,1911,2021-03-21,Rob Dowd
633,1912,2021-03-21,Robert Dilbeck
634,1913,2021-03-21,Roger Demir
635,1914,2021-03-21,Ross DeVincentis
636,1915,2021-03-21,Ruben Dartt
637,1916,2021-03-21,Russell D'Ascenzo
638,1952,2021-03-22,Ricardo Emerson
639,1953,2021-03-22,Richard Eichhorn
640,1954,2021-03-22,Randy Ferguson
641,1955,2021-03-22,Roland Fjeld
642,1956,2021-03-22,Roy Französisch
643,1957,2021-03-22,Rick Hansen
644,1958,2021-03-22,Rick Huthwaite
645,1959,2021-03-22,Ritsa Hightower
646,1960,2021-03-22,Rob Haberlin
647,1961,2021-03-22,Ralph Kennedy
648,1962,2021-03-22,Rob Lucas
649,1963,2021-03-22,Raymond Messe
650,1987,2021-03-23,Robert Marley
651,1988,2021-03-23,Roland Murray
652,1989,2021-03-23,Rose O'Brian
653,1990,2021-03-23,Rachel Payne
654,1991,2021-03-23,Resi Pölking
655,1992,2021-03-23,Roy Phan
656,1993,2021-03-23,Ralph Ritter
657,1994,2021-03-23,Rick Reed
658,1995,2021-03-23,Ricardo Sperren
659,2015,2021-03-24,Roland Schwarz
660,2016,2021-03-24,Roy Skaria
661,2017,2021-03-24,Rick Wilson
662,2018,2021-03-24,Rob Williams
663,2019,2021-03-24,Robert Waldorf
664,2020,2021-03-24,Sue Ann Reed
665,2021,2021-03-24,Sarah Bern
666,2022,2021-03-24,Sarah Brown
667,2023,2021-03-24,Sean Braxton
668,2024,2021-03-24,Sam Craven
669,2025,2021-03-24,Sample Company A
670,2026,2021-03-24,Sanjit Chand
671,2027,2021-03-24,Scot Coram
672,2028,2021-03-24,Scott Cohen
673,2029,2021-03-24,Sean Christensen
674,2056,2021-03-25,Shahid Collister
675,2057,2021-03-25,Shaun Chance
676,2058,2021-03-25,Sonia Cooley
677,2059,2021-03-25,Steve Carroll
678,2060,2021-03-25,Steve Chapman
679,2061,2021-03-25,Steven Cartwright
680,2062,2021-03-25,Stewart Carmichael
681,2063,2021-03-25,Stuart Calhoun
682,2064,2021-03-25,Sung Chung
683,2065,2021-03-25,Shirley Daniels
684,2066,2021-03-25,Sanjit Engle
685,2067,2021-03-25,Sandra Flanagan
686,2068,2021-03-25,Sarah Foster
687,2069,2021-03-25,Sylvia Foulston
688,2070,2021-03-25,Sandra Glassco
689,2071,2021-03-25,Sheri Gordon
690,2092,2021-03-26,Speros Goranitis
691,2093,2021-03-26,Susan Gilcrest
692,2094,2021-03-26,Sally Hughsby
693,2095,2021-03-26,Shahid Hopkins
694,2096,2021-03-26,Stefanie Holloman
695,2097,2021-03-26,Sanjit Jacobs
696,2098,2021-03-26,Sarah Jordon
697,2099,2021-03-26,Shirley Jackson
698,2100,2021-03-26,Sally Knutson
699,2101,2021-03-26,Sara Luxemburg
700,2102,2021-03-26,Sally Matthias
701,2103,2021-03-26,Sean Miller
702,2104,2021-03-26,Susan MacKendrick
703,2105,2021-03-26,Suzanne McNair
704,2127,2021-03-27,Skye Norling
705,2128,2021-03-27,Steve Nguyen
706,2129,2021-03-27,Sean O'Donnell
707,2130,2021-03-27,Sibella Parks
708,2131,2021-03-27,Stefania Perrino
709,2132,2021-03-27,Stephanie Phelps
710,2133,2021-03-27,Sung Pak
711,2134,2021-03-27,Susan Pistek
712,2135,2021-03-27,Sharelle Roach
713,2136,2021-03-27,Steven Roelle
714,2137,2021-03-27,Saphhira Shifley
715,2138,2021-03-27,Shahid Shariari
716,2139,2021-03-27,Shirley Schmidt
717,2140,2021-03-27,Sonia Sunley
718,2141,2021-03-27,Sung Shariari
719,2142,2021-03-27,Shui Tom
720,2143,2021-03-27,Stephanie Ulpright
721,2144,2021-03-27,Seth Vernon
722,2172,2021-03-28,Stewart Visinsky
723,2173,2021-03-28,Stuart Van
724,2174,2021-03-28,Susan Vittorini
725,2175,2021-03-28,Scot Wooten
726,2176,2021-03-28,Scott Williamson
727,2177,2021-03-28,Sean Wendt
728,2178,2021-03-28,Shaun Weien
729,2179,2021-03-28,Steven Ward
730,2180,2021-03-28,Sam Zeldin
731,2181,2021-03-28,Tom Ashbrook
732,2182,2021-03-28,Ted Butterfield
733,2183,2021-03-28,Thomas Boland
734,2184,2021-03-28,Thomas Brumley
735,2185,2021-03-28,Tim Brockman
736,2206,2021-03-29,Toby Braunhardt
737,2207,2021-03-29,Todd Boyes
738,2208,2021-03-29,Tom Boeckenhauer
739,2209,2021-03-29,Tracy Blumstein
740,2210,2021-03-29,Troy Blackwell
741,2211,2021-03-29,Trudy Brown
742,2212,2021-03-29,Tamara Chand
743,2213,2021-03-29,Theresa Coyne
744,2214,2021-03-29,Toby Carlisle
745,2215,2021-03-29,Tony Chapman
746,2216,2021-03-29,Tracy Collins
747,2217,2021-03-29,Tamara Dahlen
748,2218,2021-03-29,Toby Gnade
749,2238,2021-03-30,Trudy Glocke
750,2239,2021-03-30,Thea Hendricks
751,2240,2021-03-30,Thea Hudgings
752,2241,2021-03-30,Tiffany House
753,2242,2021-03-30,Tracy Hopkins
754,2243,2021-03-30,Tamara Manning
755,2244,2021-03-30,Tony Molinari
756,2245,2021-03-30,Tanja Norvell
757,2246,2021-03-30,Theone Pippenger
758,2247,2021-03-30,Tom Prescott
759,2248,2021-03-30,Tracy Poddar
760,2249,2021-03-30,Toby Ritter
761,2250,2021-03-30,Thais Sissman
762,2268,2021-03-31,Theresa Swint
763,2269,2021-03-31,Thomas Seio
764,2270,2021-03-31,Toby Swindell
765,2271,2021-03-31,Todd Sumrall
766,2272,2021-03-31,Tom Stivers
767,2273,2021-03-31,Tony Sayre
768,2274,2021-03-31,Troy Staebel
769,2275,2021-03-31,Trudy Schmidt
770,2276,2021-03-31,Ted Trevino
771,2277,2021-03-31,Thomas Thornton
772,2296,2021-04-01,Tim Taslimi
773,2297,2021-04-01,Tonja Turnell
774,2298,2021-04-01,Tamara Willingham
775,2299,2021-04-01,Tracy Zic
776,2300,2021-04-01,Victoria Brennan
777,2301,2021-04-01,Valerie Dominguez
778,2302,2021-04-01,Vicky Freymann
779,2303,2021-04-01,Vivek Gonzalez
780,2304,2021-04-01,Vivek Grady
781,2305,2021-04-01,Valerie Mitchum
782,2306,2021-04-01,Vivian Mathis
783,2344,2021-04-02,Victor Preis
784,2345,2021-04-02,Victoria Pisteka
785,2346,2021-04-02,Vivek Sundaresam
786,2347,2021-04-02,Valerie Takahito
787,2348,2021-04-02,Victoria Wilson
788,2349,2021-04-02,William Brown
789,2350,2021-04-02,Xylona Preis
790,2351,2021-04-02,Yoseph Carroll
791,2352,2021-04-02,Yana Sorensen
792,2353,2021-04-02,Zuschuss Carroll
793,2354,2021-04-02,Zuschuss Donatelli